date,INTGOVBND,TBILL,FEDFUNDS,CASH,GS1,GS2
1926-01-01,0.0386,0.0034,,0,,
1926-02-01,0.0386,0.0027,,0,,
1926-03-01,0.0384,0.003,,0,,
1926-04-01,0.0371,0.0034,,0,,
1926-05-01,0.0376,0.0001,,0,,
1926-06-01,0.0377,0.0035,,0,,
1926-07-01,0.0381,0.0022,,0,,
1926-08-01,0.0386,0.0025,,0,,
1926-09-01,0.0382,0.0023,,0,,
1926-10-01,0.0377,0.0032,,0,,
1926-11-01,0.0374,0.0031,,0,,
1926-12-01,0.0361,0.0028,,0,,
1927-01-01,0.0355,0.0025,,0,,
1927-02-01,0.0353,0.0026,,0,,
1927-03-01,0.0351,0.003,,0,,
1927-04-01,0.0354,0.0025,,0,,
1927-05-01,0.0356,0.003,,0,,
1927-06-01,0.0356,0.0026,,0,,
1927-07-01,0.0353,0.003,,0,,
1927-08-01,0.0347,0.0028,,0,,
1927-09-01,0.034,0.0021,,0,,
1927-10-01,0.0354,0.0025,,0,,
1927-11-01,0.0342,0.0021,,0,,
1927-12-01,0.034,0.0022,,0,,
1928-01-01,0.0336,0.0025,,0,,
1928-02-01,0.0343,0.0033,,0,,
1928-03-01,0.0347,0.0029,,0,,
1928-04-01,0.0354,0.0022,,0,,
1928-05-01,0.0362,0.0032,,0,,
1928-06-01,0.0365,0.0031,,0,,
1928-07-01,0.0392,0.0032,,0,,
1928-08-01,0.0388,0.0032,,0,,
1928-09-01,0.0389,0.0027,,0,,
1928-10-01,0.0389,0.0041,,0,,
1928-11-01,0.0392,0.0038,,0,,
1928-12-01,0.0401,0.0006,,0,,
1929-01-01,0.0415,0.0034,,0,,
1929-02-01,0.0427,0.0036,,0,,
1929-03-01,0.0434,0.0034,,0,,
1929-04-01,0.0422,0.0036,,0,,
1929-05-01,0.0444,0.0044,,0,,
1929-06-01,0.0428,0.0052,,0,,
1929-07-01,0.0421,0.0033,,0,,
1929-08-01,0.0417,0.004,,0,,
1929-09-01,0.0428,0.0035,,0,,
1929-10-01,0.0398,0.0046,,0,,
1929-11-01,0.0365,0.0037,,0,,
1929-12-01,0.0362,0.0037,,0,,
1930-01-01,0.0378,0.0014,,0,,
1930-02-01,0.0364,0.003,,0,,
1930-03-01,0.0335,0.0035,,0,,
1930-04-01,0.0357,0.0021,,0,,
1930-05-01,0.035,0.0026,,0,,
1930-06-01,0.0325,0.0027,,0,,
1930-07-01,0.0319,0.002,,0,,
1930-08-01,0.032,0.0009,,0,,
1930-09-01,0.0312,0.0022,,0,,
1930-10-01,0.0301,0.0009,,0,,
1930-11-01,0.0291,0.0013,,0,,
1930-12-01,0.0291,0.0014,,0,,
1931-01-01,0.0312,0.0015,,0,,
1931-02-01,0.0296,0.0004,,0,,
1931-03-01,0.029,0.0013,,0,,
1931-04-01,0.0277,0.0008,,0,,
1931-05-01,0.0256,0.0009,,0,,
1931-06-01,0.0308,0.0008,,0,,
1931-07-01,0.031,0.0006,,0,,
1931-08-01,0.0312,0.0003,,0,,
1931-09-01,0.0343,0.0003,,0,,
1931-10-01,0.0373,0.001,,0,,
1931-11-01,0.0369,0.0017,,0,,
1931-12-01,0.0412,0.0012,,0,,
1932-01-01,0.0427,0.0023,,0,,
1932-02-01,0.0406,0.0023,,0,,
1932-03-01,0.0396,0.0016,,0,,
1932-04-01,0.036,0.0011,,0,,
1932-05-01,0.0387,0.0006,,0,,
1932-06-01,0.037,0.0002,,0,,
1932-07-01,0.035,0.0003,,0,,
1932-08-01,0.0329,0.0003,,0,,
1932-09-01,0.0329,0.0003,,0,,
1932-10-01,0.0325,0.0002,,0,,
1932-11-01,0.0324,0.0002,,0,,
1932-12-01,0.0304,0.0001,,0,,
1933-01-01,0.0313,0.0001,,0,,
1933-02-01,0.0319,-0.0003,,0,,
1933-03-01,0.0303,0.0004,,0,,
1933-04-01,0.0296,0.001,,0,,
1933-05-01,0.0258,0.0004,,0,,
1933-06-01,0.0261,0.0002,,0,,
1933-07-01,0.0267,0.0002,,0,,
1933-08-01,0.0256,0.0003,,0,,
1933-09-01,0.0255,0.0002,,0,,
1933-10-01,0.0265,0.0001,,0,,
1933-11-01,0.0264,0.0002,,0,,
1933-12-01,0.0325,0.0002,,0,,
1934-01-01,0.0325,0.0005,,0,,
1934-02-01,0.0321,0.0002,,0,,
1934-03-01,0.0296,0.0002,,0,,
1934-04-01,0.0272,0.0001,,0,,
1934-05-01,0.0257,0.0001,,0,,
1934-06-01,0.0246,0.0001,,0,,
1934-07-01,0.0253,0.0001,,0,,
1934-08-01,0.0271,0.0001,,0,,
1934-09-01,0.0298,0.0001,,0,,
1934-10-01,0.0271,0.0001,,0,,
1934-11-01,0.0267,0.0001,,0,,
1934-12-01,0.0249,0.0001,,0,,
1935-01-01,0.0233,0.0001,,0,,
1935-02-01,0.0218,0.0002,,0,,
1935-03-01,0.0199,0.0001,,0,,
1935-04-01,0.0184,0.0001,,0,,
1935-05-01,0.0193,0.0001,,0,,
1935-06-01,0.0175,0.0001,,0,,
1935-07-01,0.0171,0.0001,,0,,
1935-08-01,0.0187,0.0001,,0,,
1935-09-01,0.0201,0.0001,,0,,
1935-10-01,0.0183,0.0001,,0,,
1935-11-01,0.0183,0.0002,,0,,
1935-12-01,0.0163,0.0001,,0,,
1936-01-01,0.0166,0.0001,,0,,
1936-02-01,0.0155,0.0001,,0,,
1936-03-01,0.0151,0.0002,,0,,
1936-04-01,0.0149,0.0002,,0,,
1936-05-01,0.0143,0.0002,,0,,
1936-06-01,0.0143,0.0003,,0,,
1936-07-01,0.0141,0.0001,,0,,
1936-08-01,0.0133,0.0002,,0,,
1936-09-01,0.0133,0.0001,,0,,
1936-10-01,0.013,0.0002,,0,,
1936-11-01,0.0114,0.0001,,0,,
1936-12-01,0.0129,0,,0,,
1937-01-01,0.0134,0.0001,,0,,
1937-02-01,0.0135,0.0002,,0,,
1937-03-01,0.0184,0.0001,,0,,
1937-04-01,0.0175,0.0003,,0,,
1937-05-01,0.0156,0.0006,,0,,
1937-06-01,0.0164,0.0003,,0,,
1937-07-01,0.0151,0.0003,,0,,
1937-08-01,0.0168,0.0002,,0,,
1937-09-01,0.0147,0.0004,,0,,
1937-10-01,0.0141,0.0002,,0,,
1937-11-01,0.0131,0.0002,,0,,
1937-12-01,0.0114,0,,0,,
1938-01-01,0.0205,0,,0,,
1938-02-01,0.02,0,,0,,
1938-03-01,0.0204,-0.0001,,0,,
1938-04-01,0.0174,0.0001,,0,,
1938-05-01,0.0173,0,,0,,
1938-06-01,0.0164,0,,0,,
1938-07-01,0.0164,-0.0001,,0,,
1938-08-01,0.0164,0,,0,,
1938-09-01,0.0168,0.0002,,0,,
1938-10-01,0.0156,0.0001,,0,,
1938-11-01,0.0158,-0.0006,,0,,
1938-12-01,0.0152,0,,0,,
1939-01-01,0.0149,-0.0001,,0,,
1939-02-01,0.0138,0.0001,,0,,
1939-03-01,0.0127,-0.0001,,0,,
1939-04-01,0.0122,0,,0,,
1939-05-01,0.0108,0.0001,,0,,
1939-06-01,0.011,0.0001,,0,,
1939-07-01,0.0105,0,,0,,
1939-08-01,0.0131,-0.0001,,0,,
1939-09-01,0.018,0.0001,,0,,
1939-10-01,0.0127,0,,0,,
1939-11-01,0.0116,0,,0,,
1939-12-01,0.0098,0,,0,,
1940-01-01,0.0103,0,,0,,
1940-02-01,0.0098,0,,0,,
1940-03-01,0.0083,0,,0,,
1940-04-01,0.0084,0,,0,,
1940-05-01,0.0127,-0.0002,,0,,
1940-06-01,0.0092,0,,0,,
1940-07-01,0.0093,0.0001,,0,,
1940-08-01,0.0086,-0.0001,,0,,
1940-09-01,0.0078,0,,0,,
1940-10-01,0.0072,0,,0,,
1940-11-01,0.0061,0,,0,,
1940-12-01,0.0057,0,,0,,
1941-01-01,0.0077,-0.0001,,0,,
1941-02-01,0.0089,-0.0001,,0,,
1941-03-01,0.0075,0.0001,,0,,
1941-04-01,0.0069,-0.0001,,0,,
1941-05-01,0.0067,0,,0,,
1941-06-01,0.0055,0,,0,,
1941-07-01,0.0056,0.0003,,0,,
1941-08-01,0.0055,0.0001,,0,,
1941-09-01,0.0056,0.0001,,0,,
1941-10-01,0.0051,0,,0,,
1941-11-01,0.0076,0,,0,,
1941-12-01,0.0082,0.0001,,0,,
1942-01-01,0.0083,0.0002,,0,,
1942-02-01,0.0081,0.0001,,0,,
1942-03-01,0.0077,0.0001,,0,,
1942-04-01,0.0074,0.0001,,0,,
1942-05-01,0.0071,0.0003,,0,,
1942-06-01,0.007,0.0002,,0,,
1942-07-01,0.0071,0.0003,,0,,
1942-08-01,0.0069,0.0003,,0,,
1942-09-01,0.0076,0.0003,,0,,
1942-10-01,0.0073,0.0003,,0,,
1942-11-01,0.007,0.0003,,0,,
1942-12-01,0.0072,0.0003,,0,,
1943-01-01,0.0166,0.0003,,0,,
1943-02-01,0.0166,0.0003,,0,,
1943-03-01,0.0164,0.0003,,0,,
1943-04-01,0.0162,0.0003,,0,,
1943-05-01,0.0153,0.0003,,0,,
1943-06-01,0.0149,0.0003,,0,,
1943-07-01,0.0147,0.0003,,0,,
1943-08-01,0.0149,0.0003,,0,,
1943-09-01,0.0149,0.0003,,0,,
1943-10-01,0.0147,0.0003,,0,,
1943-11-01,0.0147,0.0003,,0,,
1943-12-01,0.0145,0.0003,,0,,
1944-01-01,0.015,0.0003,,0,,
1944-02-01,0.015,0.0003,,0,,
1944-03-01,0.0148,0.0002,,0,,
1944-04-01,0.0143,0.0003,,0,,
1944-05-01,0.0146,0.0003,,0,,
1944-06-01,0.0147,0.0003,,0,,
1944-07-01,0.0142,0.0003,,0,,
1944-08-01,0.0139,0.0003,,0,,
1944-09-01,0.0139,0.0002,,0,,
1944-10-01,0.0139,0.0003,,0,,
1944-11-01,0.014,0.0003,,0,,
1944-12-01,0.014,0.0002,,0,,
1945-01-01,0.0127,0.0003,,0,,
1945-02-01,0.0118,0.0002,,0,,
1945-03-01,0.012,0.0002,,0,,
1945-04-01,0.0118,0.0003,,0,,
1945-05-01,0.0117,0.0003,,0,,
1945-06-01,0.0114,0.0002,,0,,
1945-07-01,0.0118,0.0003,,0,,
1945-08-01,0.0115,0.0003,,0,,
1945-09-01,0.0112,0.0003,,0,,
1945-10-01,0.0109,0.0003,,0,,
1945-11-01,0.0109,0.0002,,0,,
1945-12-01,0.0103,0.0003,,0,,
1946-01-01,0.0099,0.0003,,0,,
1946-02-01,0.0087,0.0003,,0,,
1946-03-01,0.0101,0.0003,,0,,
1946-04-01,0.0111,0.0003,,0,,
1946-05-01,0.0112,0.0003,,0,,
1946-06-01,0.0103,0.0003,,0,,
1946-07-01,0.011,0.0003,,0,,
1946-08-01,0.0112,0.0003,,0,,
1946-09-01,0.012,0.0003,,0,,
1946-10-01,0.0114,0.0003,,0,,
1946-11-01,0.0121,0.0003,,0,,
1946-12-01,0.0112,0.0003,,0,,
1947-01-01,0.0116,0.0003,,0,,
1947-02-01,0.0117,0.0003,,0,,
1947-03-01,0.0112,0.0003,,0,,
1947-04-01,0.012,0.0003,,0,,
1947-05-01,0.0121,0.0003,,0,,
1947-06-01,0.0122,0.0003,,0,,
1947-07-01,0.0124,0.0003,,0,,
1947-08-01,0.0117,0.0003,,0,,
1947-09-01,0.0121,0.0006,,0,,
1947-10-01,0.0136,0.0006,,0,,
1947-11-01,0.0138,0.0006,,0,,
1947-12-01,0.0134,0.0008,,0,,
1948-01-01,0.016,0.0007,,0,,
1948-02-01,0.0158,0.0007,,0,,
1948-03-01,0.0157,0.0009,,0,,
1948-04-01,0.0155,0.0008,,0,,
1948-05-01,0.0142,0.0008,,0,,
1948-06-01,0.0149,0.0009,,0,,
1948-07-01,0.0154,0.0008,,0,,
1948-08-01,0.016,0.0009,,0,,
1948-09-01,0.0161,0.0004,,0,,
1948-10-01,0.0161,0.0004,,0,,
1948-11-01,0.0158,0.0004,,0,,
1948-12-01,0.0151,0.0004,,0,,
1949-01-01,0.0153,0.001,,0,,
1949-02-01,0.0153,0.0009,,0,,
1949-03-01,0.0148,0.001,,0,,
1949-04-01,0.0147,0.0009,,0,,
1949-05-01,0.0144,0.001,,0,,
1949-06-01,0.0129,0.001,,0,,
1949-07-01,0.0125,0.0009,,0,,
1949-08-01,0.0117,0.0009,,0,,
1949-09-01,0.0118,0.0009,,0,,
1949-10-01,0.012,0.0009,,0,,
1949-11-01,0.0124,0.0008,,0,,
1949-12-01,0.0123,0.0009,,0,,
1950-01-01,0.0131,0.0009,,0,,
1950-02-01,0.0132,0.0009,,0,,
1950-03-01,0.0137,0.001,,0,,
1950-04-01,0.0138,0.0009,,0,,
1950-05-01,0.0134,0.001,,0,,
1950-06-01,0.0139,0.001,,0,,
1950-07-01,0.0134,0.001,,0,,
1950-08-01,0.0145,0.001,,0,,
1950-09-01,0.0154,0.001,,0,,
1950-10-01,0.0162,0.0012,,0,,
1950-11-01,0.0159,0.0011,,0,,
1950-12-01,0.0162,0.0011,,0,,
1951-01-01,0.0179,0.0013,,0,,
1951-02-01,0.018,0.001,,0,,
1951-03-01,0.0211,0.0011,,0,,
1951-04-01,0.0202,0.0013,,0,,
1951-05-01,0.0215,0.0012,,0,,
1951-06-01,0.0208,0.0012,,0,,
1951-07-01,0.0199,0.0013,,0,,
1951-08-01,0.0194,0.0013,,0,,
1951-09-01,0.0212,0.0012,,0,,
1951-10-01,0.0212,0.0016,,0,,
1951-11-01,0.0209,0.0011,,0,,
1951-12-01,0.0217,0.0012,,0,,
1952-01-01,0.0212,0.0015,,0,,
1952-02-01,0.0222,0.0012,,0,,
1952-03-01,0.0209,0.0011,,0,,
1952-04-01,0.0199,0.0012,,0,,
1952-05-01,0.0198,0.0013,,0,,
1952-06-01,0.0213,0.0015,,0,,
1952-07-01,0.0228,0.0015,,0,,
1952-08-01,0.0241,0.0015,,0,,
1952-09-01,0.0242,0.0016,,0,,
1952-10-01,0.0227,0.0014,,0,,
1952-11-01,0.0235,0.001,,0,,
1952-12-01,0.0235,0.0016,,0,,
1953-01-01,0.0242,0.0016,,0,,
1953-02-01,0.0245,0.0014,,0,,
1953-03-01,0.0253,0.0018,,0,,
1953-04-01,0.0277,0.0016,,0,0.024,
1953-05-01,0.0307,0.0017,,0,0.025,
1953-06-01,0.0279,0.0018,,0,0.025,
1953-07-01,0.0272,0.0015,,0,0.024,
1953-08-01,0.0279,0.0017,,0,0.023,
1953-09-01,0.0241,0.0016,,0,0.022,
1953-10-01,0.0237,0.0013,,0,0.018,
1953-11-01,0.0238,0.0008,,0,0.017,
1953-12-01,0.0218,0.0013,,0,0.017,
1954-01-01,0.0187,0.0011,,0,0.014,
1954-02-01,0.0157,0.0007,,0,0.011,
1954-03-01,0.0153,0.0008,,0,0.011,
1954-04-01,0.0142,0.0009,,0,0.010,
1954-05-01,0.0173,0.0005,,0,0.009,
1954-06-01,0.0131,0.0006,,0,0.008,
1954-07-01,0.0138,0.0005,0.008,0,0.008,
1954-08-01,0.0138,0.0005,0.012,0,0.009,
1954-09-01,0.0152,0.0009,0.011,0,0.010,
1954-10-01,0.0161,0.0007,0.009,0,0.012,
1954-11-01,0.0168,0.0006,0.008,0,0.011,
1954-12-01,0.0172,0.0008,0.013,0,0.012,
1955-01-01,0.0227,0.0008,0.014,0,0.014,
1955-02-01,0.024,0.0009,0.013,0,0.016,
1955-03-01,0.024,0.001,0.014,0,0.016,
1955-04-01,0.0242,0.001,0.014,0,0.018,
1955-05-01,0.0246,0.0014,0.014,0,0.019,
1955-06-01,0.0257,0.001,0.016,0,0.019,
1955-07-01,0.0276,0.001,0.017,0,0.020,
1955-08-01,0.028,0.0016,0.020,0,0.024,
1955-09-01,0.0267,0.0016,0.022,0,0.024,
1955-10-01,0.0257,0.0018,0.022,0,0.024,
1955-11-01,0.0273,0.0017,0.024,0,0.025,
1955-12-01,0.028,0.0018,0.025,0,0.027,
1956-01-01,0.0271,0.0022,0.025,0,0.026,
1956-02-01,0.0275,0.0019,0.025,0,0.025,
1956-03-01,0.03,0.0015,0.025,0,0.026,
1956-04-01,0.0305,0.0019,0.026,0,0.029,
1956-05-01,0.0287,0.0023,0.028,0,0.029,
1956-06-01,0.0292,0.002,0.027,0,0.027,
1956-07-01,0.0317,0.0022,0.028,0,0.028,
1956-08-01,0.0346,0.0017,0.027,0,0.031,
1956-09-01,0.0331,0.0018,0.030,0,0.034,
1956-10-01,0.0342,0.0025,0.030,0,0.033,
1956-11-01,0.0359,0.002,0.029,0,0.034,
1956-12-01,0.0363,0.0024,0.029,0,0.037,
1957-01-01,0.0326,0.0027,0.028,0,0.034,
1957-02-01,0.0333,0.0024,0.030,0,0.034,
1957-03-01,0.0334,0.0023,0.030,0,0.034,
1957-04-01,0.0357,0.0025,0.030,0,0.035,
1957-05-01,0.0366,0.0026,0.030,0,0.035,
1957-06-01,0.039,0.0024,0.030,0,0.036,
1957-07-01,0.0399,0.003,0.030,0,0.038,
1957-08-01,0.0385,0.0025,0.032,0,0.040,
1957-09-01,0.039,0.0026,0.035,0,0.041,
1957-10-01,0.0388,0.0029,0.035,0,0.040,
1957-11-01,0.032,0.0028,0.033,0,0.036,
1957-12-01,0.0284,0.0024,0.030,0,0.032,
1958-01-01,0.0282,0.0028,0.027,0,0.026,
1958-02-01,0.0259,0.0012,0.017,0,0.020,
1958-03-01,0.0253,0.0009,0.012,0,0.018,
1958-04-01,0.0246,0.0008,0.013,0,0.014,
1958-05-01,0.0238,0.0011,0.006,0,0.014,
1958-06-01,0.025,0.0003,0.009,0,0.012,
1958-07-01,0.0281,0.0007,0.007,0,0.016,
1958-08-01,0.0365,0.0004,0.015,0,0.025,
1958-09-01,0.0376,0.0019,0.018,0,0.030,
1958-10-01,0.0382,0.0018,0.018,0,0.032,
1958-11-01,0.0359,0.0011,0.023,0,0.031,
1958-12-01,0.0381,0.0022,0.024,0,0.033,
1959-01-01,0.0395,0.0021,0.025,0,0.034,
1959-02-01,0.0378,0.0019,0.024,0,0.035,
1959-03-01,0.0393,0.0022,0.028,0,0.036,
1959-04-01,0.0413,0.002,0.030,0,0.037,
1959-05-01,0.042,0.0022,0.029,0,0.040,
1959-06-01,0.0447,0.0025,0.034,0,0.041,
1959-07-01,0.0448,0.0025,0.035,0,0.044,
1959-08-01,0.0477,0.0019,0.035,0,0.044,
1959-09-01,0.0482,0.0031,0.038,0,0.050,
1959-10-01,0.0448,0.003,0.040,0,0.048,
1959-11-01,0.0482,0.0026,0.040,0,0.048,
1959-12-01,0.0498,0.0034,0.040,0,0.051,
1960-01-01,0.0471,0.0033,0.040,0,0.050,
1960-02-01,0.0464,0.0029,0.040,0,0.047,
1960-03-01,0.0409,0.0035,0.038,0,0.040,
1960-04-01,0.0431,0.0019,0.039,0,0.040,
1960-05-01,0.0432,0.0027,0.038,0,0.042,
1960-06-01,0.039,0.0024,0.033,0,0.034,
1960-07-01,0.0334,0.0013,0.032,0,0.032,
1960-08-01,0.0343,0.0017,0.030,0,0.030,
1960-09-01,0.0343,0.0016,0.026,0,0.031,
1960-10-01,0.0346,0.0022,0.025,0,0.030,
1960-11-01,0.0377,0.0013,0.024,0,0.031,
1960-12-01,0.0331,0.0016,0.020,0,0.029,
1961-01-01,0.0363,0.0019,0.014,0,0.028,
1961-02-01,0.035,0.0014,0.025,0,0.029,
1961-03-01,0.0348,0.002,0.020,0,0.029,
1961-04-01,0.0342,0.0017,0.015,0,0.029,
1961-05-01,0.0355,0.0018,0.020,0,0.029,
1961-06-01,0.0368,0.002,0.017,0,0.031,
1961-07-01,0.0373,0.0018,0.012,0,0.029,
1961-08-01,0.0376,0.0014,0.020,0,0.031,
1961-09-01,0.0365,0.0017,0.019,0,0.031,
1961-10-01,0.0369,0.0019,0.023,0,0.030,
1961-11-01,0.0381,0.0015,0.026,0,0.031,
1961-12-01,0.0384,0.0019,0.023,0,0.032,
1962-01-01,0.0402,0.0024,0.021,0,0.033,
1962-02-01,0.0377,0.002,0.024,0,0.033,
1962-03-01,0.0366,0.002,0.029,0,0.031,
1962-04-01,0.0367,0.0022,0.028,0,0.030,
1962-05-01,0.0363,0.0024,0.024,0,0.030,
1962-06-01,0.0375,0.002,0.027,0,0.030,
1962-07-01,0.0384,0.0027,0.027,0,0.033,
1962-08-01,0.0365,0.0023,0.029,0,0.032,
1962-09-01,0.0366,0.0021,0.029,0,0.031,
1962-10-01,0.0362,0.0026,0.029,0,0.030,
1962-11-01,0.0355,0.002,0.029,0,0.030,
1962-12-01,0.035,0.0023,0.029,0,0.030,
1963-01-01,0.0368,0.0025,0.029,0,0.030,
1963-02-01,0.037,0.0023,0.030,0,0.030,
1963-03-01,0.037,0.0023,0.030,0,0.030,
1963-04-01,0.0371,0.0025,0.029,0,0.031,
1963-05-01,0.0374,0.0024,0.030,0,0.031,
1963-06-01,0.0378,0.0023,0.030,0,0.032,
1963-07-01,0.0385,0.0027,0.030,0,0.035,
1963-08-01,0.0388,0.0025,0.035,0,0.035,
1963-09-01,0.0392,0.0027,0.035,0,0.036,
1963-10-01,0.0398,0.0029,0.035,0,0.036,
1963-11-01,0.0396,0.0027,0.035,0,0.037,
1963-12-01,0.0404,0.0029,0.034,0,0.038,
1964-01-01,0.0402,0.003,0.035,0,0.038,
1964-02-01,0.0407,0.0026,0.035,0,0.038,
1964-03-01,0.0411,0.0031,0.034,0,0.039,
1964-04-01,0.0411,0.0029,0.035,0,0.039,
1964-05-01,0.0399,0.0026,0.035,0,0.038,
1964-06-01,0.0399,0.003,0.035,0,0.038,
1964-07-01,0.0401,0.003,0.034,0,0.037,
1964-08-01,0.0402,0.0028,0.035,0,0.037,
1964-09-01,0.0399,0.0028,0.035,0,0.038,
1964-10-01,0.0399,0.0029,0.034,0,0.039,
1964-11-01,0.0409,0.0029,0.035,0,0.039,
1964-12-01,0.0403,0.0031,0.038,0,0.040,
1965-01-01,0.0413,0.0028,0.039,0,0.039,
1965-02-01,0.0416,0.003,0.040,0,0.040,
1965-03-01,0.0414,0.0036,0.041,0,0.041,
1965-04-01,0.0416,0.0031,0.041,0,0.040,
1965-05-01,0.0415,0.0031,0.041,0,0.040,
1965-06-01,0.0413,0.0035,0.041,0,0.040,
1965-07-01,0.0416,0.0031,0.041,0,0.040,
1965-08-01,0.042,0.0033,0.041,0,0.041,
1965-09-01,0.0429,0.0031,0.040,0,0.042,
1965-10-01,0.0437,0.0031,0.041,0,0.043,
1965-11-01,0.0444,0.0035,0.041,0,0.044,
1965-12-01,0.049,0.0033,0.043,0,0.047,
1966-01-01,0.0482,0.0038,0.044,0,0.049,
1966-02-01,0.0507,0.0035,0.046,0,0.049,
1966-03-01,0.0477,0.0038,0.047,0,0.050,
1966-04-01,0.0489,0.0034,0.047,0,0.049,
1966-05-01,0.0496,0.0041,0.049,0,0.049,
1966-06-01,0.051,0.0038,0.052,0,0.050,
1966-07-01,0.0525,0.0035,0.053,0,0.052,
1966-08-01,0.0565,0.0041,0.055,0,0.055,
1966-09-01,0.0526,0.004,0.054,0,0.058,
1966-10-01,0.0519,0.0045,0.055,0,0.056,
1966-11-01,0.0522,0.004,0.058,0,0.055,
1966-12-01,0.0479,0.004,0.054,0,0.052,
1967-01-01,0.0459,0.0043,0.049,0,0.048,
1967-02-01,0.047,0.0036,0.050,0,0.047,
1967-03-01,0.0437,0.0039,0.045,0,0.043,
1967-04-01,0.0466,0.0032,0.041,0,0.041,
1967-05-01,0.0465,0.0033,0.039,0,0.042,
1967-06-01,0.053,0.0027,0.040,0,0.045,
1967-07-01,0.0508,0.0032,0.038,0,0.050,
1967-08-01,0.0528,0.0031,0.039,0,0.051,
1967-09-01,0.0537,0.0032,0.040,0,0.052,
1967-10-01,0.0562,0.0039,0.039,0,0.054,
1967-11-01,0.0566,0.0036,0.041,0,0.056,
1967-12-01,0.0577,0.0033,0.045,0,0.057,
1968-01-01,0.0548,0.004,0.046,0,0.054,
1968-02-01,0.0549,0.0039,0.047,0,0.054,
1968-03-01,0.0563,0.0038,0.050,0,0.056,
1968-04-01,0.0577,0.0043,0.058,0,0.057,
1968-05-01,0.0574,0.0045,0.061,0,0.061,
1968-06-01,0.0547,0.0043,0.061,0,0.060,
1968-07-01,0.0518,0.0048,0.060,0,0.057,
1968-08-01,0.0523,0.0042,0.060,0,0.054,
1968-09-01,0.052,0.0043,0.058,0,0.054,
1968-10-01,0.0528,0.0044,0.059,0,0.056,
1968-11-01,0.0541,0.0042,0.058,0,0.058,
1968-12-01,0.0596,0.0043,0.060,0,0.062,
1969-01-01,0.0637,0.0053,0.063,0,0.063,
1969-02-01,0.0651,0.0046,0.066,0,0.064,
1969-03-01,0.064,0.0046,0.068,0,0.063,
1969-04-01,0.0636,0.0053,0.074,0,0.063,
1969-05-01,0.0666,0.0048,0.087,0,0.064,
1969-06-01,0.0699,0.0051,0.089,0,0.070,
1969-07-01,0.0693,0.0053,0.086,0,0.076,
1969-08-01,0.0711,0.005,0.092,0,0.075,
1969-09-01,0.0799,0.0062,0.091,0,0.078,
1969-10-01,0.0735,0.006,0.090,0,0.076,
1969-11-01,0.0761,0.0052,0.088,0,0.079,
1969-12-01,0.0829,0.0064,0.090,0,0.082,
1970-01-01,0.082,0.006,0.090,0,0.081,
1970-02-01,0.073,0.0062,0.090,0,0.076,
1970-03-01,0.0724,0.0057,0.078,0,0.070,
1970-04-01,0.079,0.005,0.081,0,0.071,
1970-05-01,0.0778,0.0053,0.080,0,0.077,
1970-06-01,0.078,0.0058,0.076,0,0.075,
1970-07-01,0.0757,0.0052,0.072,0,0.071,
1970-08-01,0.0743,0.0053,0.066,0,0.070,
1970-09-01,0.0707,0.0054,0.063,0,0.067,
1970-10-01,0.0697,0.0046,0.062,0,0.064,
1970-11-01,0.0591,0.0046,0.056,0,0.055,
1970-12-01,0.059,0.0042,0.049,0,0.050,
1971-01-01,0.057,0.0038,0.041,0,0.046,
1971-02-01,0.0526,0.0033,0.037,0,0.039,
1971-03-01,0.0493,0.003,0.037,0,0.037,
1971-04-01,0.0585,0.0028,0.042,0,0.043,
1971-05-01,0.0593,0.0029,0.046,0,0.050,
1971-06-01,0.0656,0.0037,0.049,0,0.056,
1971-07-01,0.0663,0.004,0.053,0,0.060,
1971-08-01,0.0585,0.0047,0.056,0,0.058,
1971-09-01,0.0591,0.0037,0.056,0,0.054,
1971-10-01,0.0545,0.0037,0.052,0,0.049,
1971-11-01,0.0543,0.0037,0.049,0,0.047,
1971-12-01,0.0525,0.0037,0.041,0,0.046,
1972-01-01,0.0556,0.0029,0.035,0,0.043,
1972-02-01,0.0563,0.0025,0.033,0,0.043,
1972-03-01,0.057,0.0027,0.038,0,0.047,
1972-04-01,0.0577,0.0029,0.042,0,0.050,
1972-05-01,0.0586,0.003,0.043,0,0.046,
1972-06-01,0.0587,0.0029,0.045,0,0.049,
1972-07-01,0.0595,0.0031,0.045,0,0.050,
1972-08-01,0.0604,0.0029,0.048,0,0.050,
1972-09-01,0.0613,0.0034,0.049,0,0.055,
1972-10-01,0.0623,0.004,0.050,0,0.055,
1972-11-01,0.0625,0.0037,0.051,0,0.053,
1972-12-01,0.0585,0.0037,0.053,0,0.055,
1973-01-01,0.0641,0.0044,0.059,0,0.059,
1973-02-01,0.0671,0.0042,0.066,0,0.062,
1973-03-01,0.0673,0.0046,0.071,0,0.068,
1973-04-01,0.0671,0.0052,0.071,0,0.068,
1973-05-01,0.0671,0.0051,0.078,0,0.069,
1973-06-01,0.0686,0.0051,0.085,0,0.073,
1973-07-01,0.0776,0.0064,0.104,0,0.084,
1973-08-01,0.0725,0.007,0.105,0,0.088,
1973-09-01,0.0674,0.0068,0.108,0,0.083,
1973-10-01,0.0677,0.0065,0.100,0,0.074,
1973-11-01,0.0674,0.0056,0.100,0,0.076,
1973-12-01,0.0679,0.0064,0.099,0,0.073,
1974-01-01,0.0687,0.0063,0.097,0,0.074,
1974-02-01,0.0691,0.0058,0.090,0,0.069,
1974-03-01,0.0751,0.0056,0.093,0,0.078,
1974-04-01,0.0801,0.0075,0.105,0,0.086,
1974-05-01,0.0786,0.0075,0.113,0,0.088,
1974-06-01,0.0822,0.006,0.119,0,0.087,
1974-07-01,0.0838,0.007,0.129,0,0.088,
1974-08-01,0.0857,0.006,0.120,0,0.094,
1974-09-01,0.0797,0.0081,0.113,0,0.089,
1974-10-01,0.0787,0.0051,0.101,0,0.081,
1974-11-01,0.0743,0.0054,0.094,0,0.077,
1974-12-01,0.0712,0.007,0.085,0,0.073,
1975-01-01,0.073,0.0058,0.071,0,0.068,
1975-02-01,0.0709,0.0043,0.062,0,0.060,
1975-03-01,0.0737,0.0041,0.055,0,0.061,
1975-04-01,0.0798,0.0044,0.055,0,0.069,
1975-05-01,0.0749,0.0044,0.052,0,0.064,
1975-06-01,0.0758,0.0041,0.056,0,0.063,
1975-07-01,0.0782,0.0048,0.061,0,0.071,
1975-08-01,0.08,0.0048,0.061,0,0.077,
1975-09-01,0.0815,0.0053,0.062,0,0.077,
1975-10-01,0.0736,0.0056,0.058,0,0.070,
1975-11-01,0.0754,0.0041,0.052,0,0.065,
1975-12-01,0.0719,0.0048,0.052,0,0.066,
1976-01-01,0.0743,0.0047,0.049,0,0.058,
1976-02-01,0.0736,0.0034,0.048,0,0.059,
1976-03-01,0.0733,0.004,0.048,0,0.062,
1976-04-01,0.0719,0.0042,0.048,0,0.059,
1976-05-01,0.0771,0.0037,0.053,0,0.064,
1976-06-01,0.0747,0.0043,0.055,0,0.065,0.071
1976-07-01,0.0732,0.0047,0.053,0,0.062,0.068
1976-08-01,0.0697,0.0042,0.053,0,0.060,0.066
1976-09-01,0.0692,0.0044,0.052,0,0.058,0.064
1976-10-01,0.0667,0.0041,0.050,0,0.055,0.060
1976-11-01,0.0594,0.004,0.050,0,0.053,0.058
1976-12-01,0.06,0.004,0.047,0,0.049,0.054
1977-01-01,0.0673,0.0036,0.046,0,0.053,0.059
1977-02-01,0.0673,0.0035,0.047,0,0.055,0.061
1977-03-01,0.0673,0.0038,0.047,0,0.055,0.061
1977-04-01,0.0674,0.0038,0.047,0,0.054,0.060
1977-05-01,0.0674,0.0037,0.053,0,0.058,0.063
1977-06-01,0.0662,0.004,0.054,0,0.058,0.061
1977-07-01,0.0675,0.0042,0.054,0,0.059,0.063
1977-08-01,0.0689,0.0044,0.059,0,0.064,0.066
1977-09-01,0.07,0.0043,0.061,0,0.065,0.067
1977-10-01,0.0733,0.0049,0.065,0,0.070,0.071
1977-11-01,0.0727,0.005,0.065,0,0.070,0.071
1977-12-01,0.0751,0.0049,0.066,0,0.070,0.072
1978-01-01,0.0773,0.0049,0.067,0,0.073,0.075
1978-02-01,0.0784,0.0046,0.068,0,0.073,0.076
1978-03-01,0.0791,0.0053,0.068,0,0.073,0.076
1978-04-01,0.08,0.0054,0.069,0,0.074,0.077
1978-05-01,0.082,0.0051,0.074,0,0.078,0.080
1978-06-01,0.0843,0.0054,0.076,0,0.081,0.082
1978-07-01,0.0836,0.0056,0.078,0,0.084,0.085
1978-08-01,0.0833,0.0056,0.080,0,0.083,0.084
1978-09-01,0.0835,0.0062,0.084,0,0.086,0.086
1978-10-01,0.0887,0.0068,0.090,0,0.091,0.088
1978-11-01,0.0882,0.007,0.098,0,0.100,0.094
1978-12-01,0.0883,0.0078,0.100,0,0.103,0.097
1979-01-01,0.0895,0.0077,0.101,0,0.104,0.099
1979-02-01,0.0928,0.0073,0.101,0,0.102,0.097
1979-03-01,0.0918,0.0081,0.101,0,0.102,0.098
1979-04-01,0.0929,0.008,0.100,0,0.101,0.098
1979-05-01,0.0899,0.0082,0.102,0,0.101,0.098
1979-06-01,0.0864,0.0081,0.103,0,0.096,0.092
1979-07-01,0.0887,0.0077,0.105,0,0.096,0.091
1979-08-01,0.0933,0.0077,0.109,0,0.100,0.095
1979-09-01,0.0951,0.0083,0.114,0,0.108,0.101
1979-10-01,0.1112,0.0087,0.138,0,0.124,0.115
1979-11-01,0.1033,0.0099,0.132,0,0.124,0.118
1979-12-01,0.1033,0.0095,0.138,0,0.120,0.114
1980-01-01,0.1093,0.008,0.138,0,0.121,0.115
1980-02-01,0.1294,0.0089,0.141,0,0.139,0.134
1980-03-01,0.1285,0.0121,0.172,0,0.158,0.149
1980-04-01,0.1009,0.0126,0.176,0,0.133,0.125
1980-05-01,0.0903,0.0081,0.110,0,0.094,0.094
1980-06-01,0.0944,0.0061,0.095,0,0.082,0.087
1980-07-01,0.0996,0.0053,0.090,0,0.087,0.090
1980-08-01,0.1133,0.0064,0.096,0,0.102,0.105
1980-09-01,0.1171,0.0075,0.109,0,0.115,0.116
1980-10-01,0.1244,0.0095,0.128,0,0.125,0.121
1980-11-01,0.1264,0.0096,0.159,0,0.142,0.135
1980-12-01,0.1245,0.0131,0.189,0,0.149,0.141
1981-01-01,0.1275,0.0104,0.191,0,0.141,0.133
1981-02-01,0.1371,0.0107,0.159,0,0.146,0.139
1981-03-01,0.1328,0.0121,0.147,0,0.137,0.136
1981-04-01,0.1427,0.0108,0.157,0,0.143,0.142
1981-05-01,0.1385,0.0115,0.185,0,0.162,0.155
1981-06-01,0.1404,0.0135,0.191,0,0.149,0.145
1981-07-01,0.1533,0.0124,0.190,0,0.157,0.153
1981-08-01,0.1636,0.0128,0.178,0,0.167,0.163
1981-09-01,0.1625,0.0124,0.159,0,0.165,0.165
1981-10-01,0.1472,0.0121,0.151,0,0.154,0.155
1981-11-01,0.1311,0.0107,0.133,0,0.124,0.129
1981-12-01,0.1396,0.0087,0.124,0,0.129,0.133
1982-01-01,0.1397,0.008,0.132,0,0.143,0.146
1982-02-01,0.1385,0.0092,0.148,0,0.147,0.148
1982-03-01,0.1406,0.0098,0.147,0,0.139,0.142
1982-04-01,0.1355,0.0113,0.149,0,0.140,0.142
1982-05-01,0.1343,0.0106,0.144,0,0.133,0.138
1982-06-01,0.1417,0.0096,0.142,0,0.141,0.145
1982-07-01,0.1315,0.0105,0.126,0,0.132,0.138
1982-08-01,0.1209,0.0076,0.101,0,0.114,0.123
1982-09-01,0.1144,0.0051,0.103,0,0.108,0.118
1982-10-01,0.1018,0.0059,0.097,0,0.093,0.102
1982-11-01,0.102,0.0063,0.092,0,0.092,0.098
1982-12-01,0.099,0.0067,0.089,0,0.089,0.097
1983-01-01,0.1057,0.0069,0.087,0,0.086,0.093
1983-02-01,0.101,0.0062,0.085,0,0.089,0.096
1983-03-01,0.1048,0.0063,0.088,0,0.090,0.097
1983-04-01,0.0997,0.0071,0.088,0,0.090,0.096
1983-05-01,0.1059,0.0069,0.086,0,0.089,0.095
1983-06-01,0.108,0.0067,0.090,0,0.097,0.102
1983-07-01,0.1168,0.0074,0.094,0,0.102,0.107
1983-08-01,0.1175,0.0076,0.096,0,0.105,0.111
1983-09-01,0.1108,0.0076,0.094,0,0.102,0.108
1983-10-01,0.1131,0.0076,0.095,0,0.098,0.106
1983-11-01,0.1127,0.007,0.093,0,0.099,0.107
1983-12-01,0.1141,0.0073,0.095,0,0.101,0.108
1984-01-01,0.1137,0.0076,0.096,0,0.099,0.106
1984-02-01,0.1181,0.0071,0.096,0,0.100,0.108
1984-03-01,0.1219,0.0073,0.099,0,0.106,0.113
1984-04-01,0.1251,0.0081,0.103,0,0.109,0.117
1984-05-01,0.1363,0.0078,0.103,0,0.117,0.125
1984-06-01,0.1365,0.0075,0.111,0,0.121,0.129
1984-07-01,0.1274,0.0082,0.112,0,0.120,0.129
1984-08-01,0.1276,0.0083,0.116,0,0.118,0.124
1984-09-01,0.1242,0.0086,0.113,0,0.116,0.122
1984-10-01,0.1154,0.01,0.100,0,0.109,0.116
1984-11-01,0.1121,0.0073,0.094,0,0.098,0.106
1984-12-01,0.1104,0.0064,0.084,0,0.093,0.102
1985-01-01,0.1081,0.0065,0.083,0,0.090,0.099
1985-02-01,0.1152,0.0058,0.085,0,0.093,0.102
1985-03-01,0.1131,0.0062,0.086,0,0.099,0.107
1985-04-01,0.1084,0.0072,0.083,0,0.091,0.101
1985-05-01,0.0974,0.0066,0.080,0,0.085,0.094
1985-06-01,0.0964,0.0055,0.075,0,0.078,0.087
1985-07-01,0.1002,0.0062,0.079,0,0.079,0.088
1985-08-01,0.0982,0.0055,0.079,0,0.081,0.089
1985-09-01,0.0973,0.006,0.079,0,0.081,0.090
1985-10-01,0.0949,0.0065,0.080,0,0.080,0.089
1985-11-01,0.0911,0.0061,0.081,0,0.079,0.086
1985-12-01,0.0855,0.0065,0.083,0,0.077,0.082
1986-01-01,0.087,0.0056,0.081,0,0.077,0.081
1986-02-01,0.0815,0.0053,0.079,0,0.076,0.080
1986-03-01,0.0743,0.006,0.075,0,0.070,0.072
1986-04-01,0.0737,0.0052,0.070,0,0.064,0.067
1986-05-01,0.0816,0.0049,0.068,0,0.067,0.071
1986-06-01,0.0756,0.0052,0.069,0,0.067,0.072
1986-07-01,0.0728,0.0052,0.066,0,0.063,0.067
1986-08-01,0.0668,0.0046,0.062,0,0.059,0.063
1986-09-01,0.0718,0.0045,0.059,0,0.058,0.064
1986-10-01,0.0687,0.0046,0.058,0,0.057,0.063
1986-11-01,0.0669,0.0039,0.060,0,0.058,0.063
1986-12-01,0.0685,0.0049,0.069,0,0.059,0.063
1987-01-01,0.0685,0.0042,0.064,0,0.058,0.062
1987-02-01,0.0683,0.0043,0.061,0,0.060,0.064
1987-03-01,0.0708,0.0047,0.061,0,0.060,0.064
1987-04-01,0.0793,0.0044,0.064,0,0.065,0.070
1987-05-01,0.0821,0.0038,0.068,0,0.070,0.078
1987-06-01,0.0806,0.0048,0.067,0,0.068,0.076
1987-07-01,0.0818,0.0046,0.066,0,0.067,0.074
1987-08-01,0.0849,0.0047,0.067,0,0.070,0.077
1987-09-01,0.0912,0.0045,0.072,0,0.077,0.083
1987-10-01,0.0844,0.006,0.073,0,0.076,0.084
1987-11-01,0.084,0.0035,0.067,0,0.070,0.077
1987-12-01,0.0832,0.0039,0.068,0,0.072,0.079
1988-01-01,0.0782,0.0029,0.068,0,0.070,0.076
1988-02-01,0.0768,0.0046,0.066,0,0.066,0.072
1988-03-01,0.0807,0.0044,0.066,0,0.067,0.073
1988-04-01,0.0836,0.0046,0.069,0,0.070,0.076
1988-05-01,0.087,0.0051,0.071,0,0.074,0.080
1988-06-01,0.0839,0.0049,0.075,0,0.075,0.080
1988-07-01,0.0871,0.0051,0.077,0,0.077,0.083
1988-08-01,0.0895,0.0059,0.080,0,0.082,0.086
1988-09-01,0.0859,0.0062,0.082,0,0.081,0.085
1988-10-01,0.0837,0.0061,0.083,0,0.081,0.083
1988-11-01,0.0892,0.0057,0.083,0,0.085,0.087
1988-12-01,0.0917,0.0063,0.088,0,0.090,0.091
1989-01-01,0.0896,0.0055,0.091,0,0.091,0.092
1989-02-01,0.0927,0.0061,0.094,0,0.092,0.094
1989-03-01,0.0934,0.0067,0.098,0,0.096,0.097
1989-04-01,0.0895,0.0067,0.098,0,0.094,0.094
1989-05-01,0.086,0.0079,0.098,0,0.090,0.090
1989-06-01,0.0791,0.0071,0.095,0,0.084,0.084
1989-07-01,0.0745,0.007,0.092,0,0.079,0.078
1989-08-01,0.0834,0.0074,0.090,0,0.082,0.081
1989-09-01,0.0833,0.0065,0.090,0,0.082,0.083
1989-10-01,0.0786,0.0068,0.088,0,0.080,0.080
1989-11-01,0.0779,0.0069,0.086,0,0.078,0.078
1989-12-01,0.0794,0.0061,0.084,0,0.077,0.078
1990-01-01,0.0842,0.0057,0.082,0,0.079,0.081
1990-02-01,0.0855,0.0057,0.082,0,0.081,0.084
1990-03-01,0.0871,0.0064,0.083,0,0.083,0.086
1990-04-01,0.0907,0.0069,0.083,0,0.084,0.087
1990-05-01,0.0864,0.0068,0.082,0,0.083,0.086
1990-06-01,0.0843,0.0063,0.083,0,0.081,0.083
1990-07-01,0.0819,0.0068,0.082,0,0.079,0.082
1990-08-01,0.0859,0.0066,0.081,0,0.078,0.081
1990-09-01,0.0851,0.006,0.082,0,0.078,0.081
1990-10-01,0.0826,0.0068,0.081,0,0.075,0.079
1990-11-01,0.0795,0.0057,0.078,0,0.073,0.076
1990-12-01,0.077,0.006,0.073,0,0.070,0.073
1991-01-01,0.0772,0.0052,0.069,0,0.066,0.071
1991-02-01,0.0774,0.0048,0.063,0,0.063,0.069
1991-03-01,0.0783,0.0044,0.061,0,0.064,0.071
1991-04-01,0.0772,0.0053,0.059,0,0.062,0.070
1991-05-01,0.0773,0.0047,0.058,0,0.061,0.068
1991-06-01,0.0793,0.0042,0.059,0,0.064,0.070
1991-07-01,0.0778,0.0049,0.058,0,0.063,0.069
1991-08-01,0.0732,0.0046,0.057,0,0.058,0.064
1991-09-01,0.0693,0.0046,0.054,0,0.056,0.062
1991-10-01,0.0673,0.0042,0.052,0,0.053,0.059
1991-11-01,0.0653,0.0039,0.048,0,0.049,0.056
1991-12-01,0.0597,0.0038,0.044,0,0.044,0.050
1992-01-01,0.0683,0.0034,0.040,0,0.042,0.050
1992-02-01,0.069,0.0028,0.041,0,0.043,0.052
1992-03-01,0.072,0.0034,0.040,0,0.046,0.057
1992-04-01,0.0711,0.0032,0.037,0,0.043,0.053
1992-05-01,0.0674,0.0028,0.038,0,0.042,0.052
1992-06-01,0.0647,0.0032,0.038,0,0.042,0.050
1992-07-01,0.0604,0.0031,0.033,0,0.036,0.044
1992-08-01,0.0581,0.0026,0.033,0,0.035,0.042
1992-09-01,0.0547,0.0026,0.032,0,0.032,0.039
1992-10-01,0.0601,0.0023,0.031,0,0.033,0.041
1992-11-01,0.0634,0.0023,0.031,0,0.037,0.046
1992-12-01,0.0611,0.0028,0.029,0,0.037,0.047
1993-01-01,0.0588,0.0023,0.030,0,0.035,0.044
1993-02-01,0.0547,0.0022,0.030,0,0.034,0.041
1993-03-01,0.0549,0.0025,0.031,0,0.033,0.040
1993-04-01,0.054,0.0024,0.030,0,0.032,0.038
1993-05-01,0.0551,0.0022,0.030,0,0.034,0.040
1993-06-01,0.0517,0.0025,0.030,0,0.035,0.042
1993-07-01,0.0526,0.0024,0.031,0,0.035,0.041
1993-08-01,0.0486,0.0025,0.030,0,0.034,0.040
1993-09-01,0.0483,0.0026,0.031,0,0.034,0.038
1993-10-01,0.0488,0.0022,0.030,0,0.034,0.039
1993-11-01,0.0519,0.0025,0.030,0,0.036,0.042
1993-12-01,0.0522,0.0023,0.030,0,0.036,0.042
1994-01-01,0.0515,0.0025,0.030,0,0.035,0.041
1994-02-01,0.0575,0.0021,0.033,0,0.039,0.045
1994-03-01,0.0638,0.0027,0.033,0,0.043,0.050
1994-04-01,0.067,0.0027,0.036,0,0.048,0.056
1994-05-01,0.0682,0.0032,0.040,0,0.053,0.060
1994-06-01,0.0699,0.0031,0.043,0,0.053,0.059
1994-07-01,0.0675,0.0028,0.043,0,0.055,0.061
1994-08-01,0.0683,0.0037,0.045,0,0.056,0.062
1994-09-01,0.073,0.0037,0.047,0,0.058,0.064
1994-10-01,0.0749,0.0038,0.048,0,0.061,0.067
1994-11-01,0.0778,0.0037,0.053,0,0.065,0.072
1994-12-01,0.078,0.0044,0.054,0,0.071,0.076
1995-01-01,0.0754,0.0042,0.055,0,0.070,0.075
1995-02-01,0.0708,0.004,0.059,0,0.067,0.071
1995-03-01,0.0707,0.0046,0.060,0,0.064,0.068
1995-04-01,0.0685,0.0044,0.060,0,0.063,0.066
1995-05-01,0.0606,0.0054,0.060,0,0.060,0.062
1995-06-01,0.0598,0.0047,0.060,0,0.056,0.057
1995-07-01,0.0616,0.0045,0.058,0,0.056,0.058
1995-08-01,0.0606,0.0047,0.057,0,0.058,0.060
1995-09-01,0.0601,0.0043,0.058,0,0.056,0.058
1995-10-01,0.0582,0.0047,0.058,0,0.056,0.057
1995-11-01,0.0553,0.0042,0.058,0,0.054,0.055
1995-12-01,0.0538,0.0049,0.056,0,0.053,0.053
1996-01-01,0.0528,0.0043,0.056,0,0.051,0.051
1996-02-01,0.0573,0.0039,0.052,0,0.049,0.050
1996-03-01,0.0614,0.0039,0.053,0,0.053,0.057
1996-04-01,0.064,0.0046,0.052,0,0.055,0.060
1996-05-01,0.0663,0.0042,0.052,0,0.056,0.061
1996-06-01,0.0645,0.004,0.053,0,0.058,0.063
1996-07-01,0.0654,0.0045,0.054,0,0.058,0.063
1996-08-01,0.067,0.0041,0.052,0,0.057,0.060
1996-09-01,0.0643,0.0044,0.053,0,0.058,0.062
1996-10-01,0.0607,0.0042,0.052,0,0.056,0.059
1996-11-01,0.0578,0.0041,0.053,0,0.054,0.057
1996-12-01,0.0616,0.0046,0.053,0,0.055,0.058
1997-01-01,0.0629,0.0045,0.052,0,0.056,0.060
1997-02-01,0.0639,0.0039,0.052,0,0.055,0.059
1997-03-01,0.0677,0.0043,0.054,0,0.058,0.062
1997-04-01,0.0656,0.0043,0.055,0,0.060,0.065
1997-05-01,0.065,0.0049,0.055,0,0.059,0.063
1997-06-01,0.0639,0.0037,0.056,0,0.057,0.061
1997-07-01,0.0589,0.0043,0.055,0,0.055,0.059
1997-08-01,0.0624,0.0041,0.055,0,0.056,0.059
1997-09-01,0.0601,0.0044,0.055,0,0.055,0.059
1997-10-01,0.0576,0.0042,0.055,0,0.055,0.058
1997-11-01,0.0587,0.0039,0.055,0,0.055,0.057
1997-12-01,0.0573,0.0048,0.055,0,0.055,0.057
1998-01-01,0.0545,0.0043,0.056,0,0.052,0.054
1998-02-01,0.0562,0.0039,0.055,0,0.053,0.054
1998-03-01,0.0567,0.0039,0.055,0,0.054,0.056
1998-04-01,0.0564,0.0043,0.054,0,0.054,0.056
1998-05-01,0.0558,0.004,0.055,0,0.054,0.056
1998-06-01,0.0551,0.0041,0.056,0,0.054,0.055
1998-07-01,0.0556,0.004,0.055,0,0.054,0.055
1998-08-01,0.0503,0.0043,0.056,0,0.052,0.053
1998-09-01,0.0435,0.0046,0.055,0,0.047,0.047
1998-10-01,0.0434,0.0032,0.051,0,0.041,0.041
1998-11-01,0.0467,0.0031,0.048,0,0.045,0.045
1998-12-01,0.0468,0.0038,0.047,0,0.045,0.045
1999-01-01,0.0467,0.0035,0.046,0,0.045,0.046
1999-02-01,0.0535,0.0035,0.048,0,0.047,0.049
1999-03-01,0.0526,0.0043,0.048,0,0.048,0.050
1999-04-01,0.0532,0.0037,0.047,0,0.047,0.050
1999-05-01,0.0576,0.0034,0.047,0,0.048,0.052
1999-06-01,0.0581,0.004,0.048,0,0.051,0.056
1999-07-01,0.0594,0.0038,0.050,0,0.050,0.056
1999-08-01,0.0602,0.0039,0.051,0,0.052,0.057
1999-09-01,0.059,0.0039,0.052,0,0.052,0.057
1999-10-01,0.0604,0.0039,0.052,0,0.054,0.059
1999-11-01,0.0619,0.0036,0.054,0,0.056,0.059
1999-12-01,0.0645,0.0044,0.053,0,0.058,0.061
2000-01-01,0.0675,0.0041,0.054,0,0.061,0.064
2000-02-01,0.0669,0.0043,0.057,0,0.062,0.066
2000-03-01,0.0636,0.0047,0.058,0,0.062,0.065
2000-04-01,0.0657,0.0046,0.060,0,0.062,0.064
2000-05-01,0.0658,0.005,0.063,0,0.063,0.068
2000-06-01,0.0626,0.004,0.065,0,0.062,0.065
2000-07-01,0.0621,0.0048,0.065,0,0.061,0.063
2000-08-01,0.0601,0.005,0.065,0,0.062,0.062
2000-09-01,0.0589,0.0051,0.065,0,0.061,0.061
2000-10-01,0.0582,0.0056,0.065,0,0.060,0.059
2000-11-01,0.0551,0.0051,0.065,0,0.061,0.059
2000-12-01,0.0507,0.005,0.064,0,0.056,0.053
2001-01-01,0.0499,0.0054,0.060,0,0.048,0.048
2001-02-01,0.0482,0.0038,0.055,0,0.047,0.047
2001-03-01,0.0471,0.0042,0.053,0,0.043,0.043
2001-04-01,0.0504,0.0039,0.048,0,0.040,0.042
2001-05-01,0.0515,0.0032,0.042,0,0.038,0.043
2001-06-01,0.051,0.0028,0.040,0,0.036,0.041
2001-07-01,0.0464,0.003,0.038,0,0.036,0.040
2001-08-01,0.045,0.0031,0.036,0,0.035,0.038
2001-09-01,0.0399,0.0028,0.031,0,0.028,0.031
2001-10-01,0.0365,0.0022,0.025,0,0.023,0.027
2001-11-01,0.0413,0.0017,0.021,0,0.022,0.028
2001-12-01,0.0442,0.0015,0.018,0,0.022,0.031
2002-01-01,0.0459,0.0014,0.017,0,0.022,0.030
2002-02-01,0.0442,0.0013,0.017,0,0.022,0.030
2002-03-01,0.0504,0.0013,0.017,0,0.026,0.036
2002-04-01,0.0461,0.0015,0.018,0,0.025,0.034
2002-05-01,0.0443,0.0014,0.018,0,0.024,0.033
2002-06-01,0.0412,0.0013,0.018,0,0.022,0.030
2002-07-01,0.0358,0.0015,0.017,0,0.020,0.026
2002-08-01,0.0325,0.0014,0.017,0,0.018,0.021
2002-09-01,0.0265,0.0014,0.018,0,0.017,0.020
2002-10-01,0.0276,0.0014,0.018,0,0.017,0.019
2002-11-01,0.0323,0.0012,0.013,0,0.015,0.019
2002-12-01,0.0261,0.0011,0.012,0,0.014,0.018
2003-01-01,0.031,0.001,0.012,0,0.014,0.017
2003-02-01,0.0276,0.0009,0.013,0,0.013,0.016
2003-03-01,0.0283,0.001,0.013,0,0.012,0.016
2003-04-01,0.0285,0.001,0.013,0,0.013,0.016
2003-05-01,0.0228,0.0009,0.013,0,0.012,0.014
2003-06-01,0.024,0.001,0.012,0,0.010,0.012
2003-07-01,0.0322,0.0007,0.010,0,0.011,0.015
2003-08-01,0.0335,0.0007,0.010,0,0.013,0.019
2003-09-01,0.0267,0.0008,0.010,0,0.012,0.017
2003-10-01,0.0307,0.0007,0.010,0,0.013,0.018
2003-11-01,0.0317,0.0007,0.010,0,0.013,0.019
2003-12-01,0.0297,0.0008,0.010,0,0.013,0.019
2004-01-01,0.0315,0.0007,0.010,0,0.012,0.018
2004-02-01,0.0293,0.0006,0.010,0,0.012,0.017
2004-03-01,0.0276,0.0009,0.010,0,0.012,0.016
2004-04-01,0.036,0.0008,0.010,0,0.014,0.021
2004-05-01,0.0378,0.0006,0.010,0,0.018,0.025
2004-06-01,0.0374,0.0008,0.010,0,0.021,0.028
2004-07-01,0.0362,0.001,0.013,0,0.021,0.026
2004-08-01,0.0322,0.0011,0.014,0,0.020,0.025
2004-09-01,0.0326,0.0011,0.016,0,0.021,0.025
2004-10-01,0.0316,0.0011,0.018,0,0.022,0.026
2004-11-01,0.0356,0.0015,0.019,0,0.025,0.029
2004-12-01,0.0347,0.0016,0.022,0,0.027,0.030
2005-01-01,0.0375,0.0016,0.023,0,0.029,0.032
2005-02-01,0.0405,0.0016,0.025,0,0.030,0.034
2005-03-01,0.0421,0.0021,0.026,0,0.033,0.037
2005-04-01,0.0392,0.0021,0.028,0,0.033,0.036
2005-05-01,0.0377,0.0024,0.030,0,0.033,0.036
2005-06-01,0.0374,0.0023,0.030,0,0.034,0.036
2005-07-01,0.0415,0.0024,0.033,0,0.036,0.039
2005-08-01,0.0385,0.003,0.035,0,0.039,0.040
2005-09-01,0.0422,0.0029,0.036,0,0.038,0.040
2005-10-01,0.0446,0.0027,0.038,0,0.042,0.043
2005-11-01,0.044,0.0031,0.040,0,0.043,0.044
2005-12-01,0.0434,0.0032,0.042,0,0.043,0.044
2006-01-01,0.0449,0.0035,0.043,0,0.045,0.044
2006-02-01,0.046,0.0034,0.045,0,0.047,0.047
2006-03-01,0.0481,0.0037,0.046,0,0.048,0.047
2006-04-01,0.0491,0.0036,0.048,0,0.049,0.049
2006-05-01,0.0502,0.0043,0.049,0,0.050,0.050
2006-06-01,0.0506,0.004,0.050,0,0.052,0.051
2006-07-01,0.0487,0.004,0.052,0,0.052,0.051
2006-08-01,0.0465,0.0042,0.052,0,0.051,0.049
2006-09-01,0.0455,0.0041,0.052,0,0.050,0.048
2006-10-01,0.0452,0.0041,0.052,0,0.050,0.048
2006-11-01,0.0439,0.0042,0.052,0,0.050,0.047
2006-12-01,0.0465,0.004,0.052,0,0.049,0.047
2007-01-01,0.0479,0.0044,0.052,0,0.051,0.049
2007-02-01,0.0448,0.0038,0.053,0,0.050,0.048
2007-03-01,0.0451,0.0043,0.053,0,0.049,0.046
2007-04-01,0.0449,0.0044,0.052,0,0.049,0.047
2007-05-01,0.0483,0.0041,0.052,0,0.049,0.048
2007-06-01,0.049,0.004,0.052,0,0.050,0.050
2007-07-01,0.0457,0.004,0.053,0,0.050,0.048
2007-08-01,0.042,0.0042,0.050,0,0.045,0.043
2007-09-01,0.0413,0.0032,0.049,0,0.041,0.040
2007-10-01,0.0435,0.0032,0.048,0,0.041,0.040
2007-11-01,0.0333,0.0034,0.045,0,0.035,0.033
2007-12-01,0.0328,0.0027,0.042,0,0.033,0.031
2008-01-01,0.0301,0.0021,0.039,0,0.027,0.025
2008-02-01,0.0256,0.0013,0.030,0,0.020,0.020
2008-03-01,0.0245,0.0017,0.026,0,0.015,0.016
2008-04-01,0.0316,0.0018,0.023,0,0.017,0.020
2008-05-01,0.034,0.0018,0.020,0,0.021,0.025
2008-06-01,0.033,0.0017,0.020,0,0.024,0.028
2008-07-01,0.0322,0.0015,0.020,0,0.023,0.026
2008-08-01,0.0303,0.0013,0.020,0,0.022,0.024
2008-09-01,0.0289,0.0015,0.018,0,0.019,0.021
2008-10-01,0.026,0.0008,0.010,0,0.014,0.016
2008-11-01,0.0161,0.0003,0.004,0,0.011,0.012
2008-12-01,0.0126,0,0.002,0,0.005,0.008
2009-01-01,0.018,0,0.002,0,0.004,0.008
2009-02-01,0.0202,0.0001,0.002,0,0.006,0.010
2009-03-01,0.0168,0.0002,0.002,0,0.006,0.009
2009-04-01,0.0206,0.0001,0.002,0,0.006,0.009
2009-05-01,0.0238,0,0.002,0,0.005,0.009
2009-06-01,0.0259,0.0001,0.002,0,0.005,0.012
2009-07-01,0.0251,0.0001,0.002,0,0.005,0.010
2009-08-01,0.0234,0.0001,0.002,0,0.005,0.011
2009-09-01,0.0222,0.0001,0.002,0,0.004,0.010
2009-10-01,0.0219,0,0.001,0,0.004,0.009
2009-11-01,0.018,0,0.001,0,0.003,0.008
2009-12-01,0.0242,0.0001,0.001,0,0.004,0.009
2010-01-01,0.0242,0,0.001,0,0.003,0.009
2010-02-01,0.0231,0,0.001,0,0.003,0.009
2010-03-01,0.0254,0.0001,0.002,0,0.004,0.010
2010-04-01,0.0238,0.0001,0.002,0,0.005,0.011
2010-05-01,0.0208,0.0001,0.002,0,0.004,0.008
2010-06-01,0.0184,0.0001,0.002,0,0.003,0.007
2010-07-01,0.0151,0.0001,0.002,0,0.003,0.006
2010-08-01,0.0124,0.0001,0.002,0,0.003,0.005
2010-09-01,0.0115,0.0001,0.002,0,0.003,0.005
2010-10-01,0.0102,0.0001,0.002,0,0.002,0.004
2010-11-01,0.0124,0.0001,0.002,0,0.003,0.005
2010-12-01,0.017,0.0001,0.002,0,0.003,0.006
2011-01-01,0.0215,0.0001,0.002,0,0.003,0.006
2011-02-01,0.0229,0.0001,0.002,0,0.003,0.008
2011-03-01,0.0234,0.0001,0.001,0,0.003,0.007
2011-04-01,0.0206,0,0.001,0,0.003,0.007
2011-05-01,0.0172,0,0.001,0,0.002,0.006
2011-06-01,0.0164,0,0.001,0,0.002,0.004
2011-07-01,0.0126,0,0.001,0,0.002,0.004
2011-08-01,0.0081,0.0001,0.001,0,0.001,0.002
2011-09-01,0.0087,0,0.001,0,0.001,0.002
2011-10-01,0.0052,0,0.001,0,0.001,0.003
2011-11-01,0.0082,0,0.001,0,0.001,0.003
2011-12-01,0.0059,0,0.001,0,0.001,0.003
2012-01-01,0.0078,0,0.001,0,0.001,0.002
2012-02-01,0.0081,0,0.001,0,0.002,0.003
2012-03-01,0.0097,0,0.001,0,0.002,0.003
2012-04-01,0.0065,0,0.001,0,0.002,0.003
2012-05-01,0.0062,0.0001,0.002,0,0.002,0.003
2012-06-01,0.0044,0,0.002,0,0.002,0.003
2012-07-01,0.0044,0,0.002,0,0.002,0.003
2012-08-01,0.0045,0.0001,0.001,0,0.002,0.003
2012-09-01,0.0051,0.0001,0.001,0,0.002,0.003
2012-10-01,0.0036,0.0001,0.002,0,0.002,0.003
2012-11-01,0.0012,0.0001,0.002,0,0.002,0.003
2012-12-01,0.0046,0.0001,0.002,0,0.002,0.003
2013-01-01,0.0078,0,0.001,0,0.002,0.003
2013-02-01,0.0046,0,0.002,0,0.002,0.003
2013-03-01,0.0077,0,0.001,0,0.002,0.003
2013-04-01,0.0048,0,0.002,0,0.001,0.002
2013-05-01,0.0084,0,0.001,0,0.001,0.003
2013-06-01,0.0101,0,0.001,0,0.001,0.003
2013-07-01,0.0094,0,0.001,0,0.001,0.003
2013-08-01,0.0111,0,0.001,0,0.001,0.004
2013-09-01,0.0106,0,0.001,0,0.001,0.004
2013-10-01,0.0103,0,0.001,0,0.001,0.003
2013-11-01,0.0106,0,0.001,0,0.001,0.003
2013-12-01,0.0113,0,0.001,0,0.001,0.003
2014-01-01,0.0133,0,0.001,0,0.001,0.004
2014-02-01,0.0129,0,0.001,0,0.001,0.003
2014-03-01,0.0146,0,0.001,0,0.001,0.004
2014-04-01,0.0128,0,0.001,0,0.001,0.004
2014-05-01,0.012,0,0.001,0,0.001,0.004
2014-06-01,0.0145,0,0.001,0,0.001,0.005
2014-07-01,0.0148,0,0.001,0,0.001,0.005
2014-08-01,0.0154,0,0.001,0,0.001,0.005
2014-09-01,0.0159,0,0.001,0,0.001,0.006
2014-10-01,0.0109,0,0.001,0,0.001,0.005
2014-11-01,0.0112,0,0.001,0,0.001,0.005
2014-12-01,0.0124,0,0.001,0,0.002,0.006
2015-01-01,,,0.001,0,0.002,0.006
2015-02-01,,,0.001,0,0.002,0.006
2015-03-01,,,0.001,0,0.003,0.006
2015-04-01,,,0.001,0,0.002,0.005
2015-05-01,,,0.001,0,0.002,0.006
2015-06-01,,,0.001,0,0.003,0.007
2015-07-01,,,0.001,0,0.003,0.007
2015-08-01,,,0.001,0,0.004,0.007
2015-09-01,,,0.001,0,0.004,0.007
2015-10-01,,,0.001,0,0.003,0.006
2015-11-01,,,0.001,0,0.005,0.009
2015-12-01,,,0.002,0,0.007,0.010
2016-01-01,,,0.003,0,0.005,0.009
2016-02-01,,,0.004,0,0.005,0.007
2016-03-01,,,0.004,0,0.007,0.009
2016-04-01,,,0.004,0,0.006,0.008
2016-05-01,,,0.004,0,0.006,0.008
2016-06-01,,,0.004,0,0.006,0.007
2016-07-01,,,0.004,0,0.005,0.007
2016-08-01,,,0.004,0,0.006,0.007
2016-09-01,,,0.004,0,0.006,0.008
2016-10-01,,,0.004,0,0.007,0.008
2016-11-01,,,0.004,0,0.007,0.010
2016-12-01,,,0.005,0,0.009,0.012
2017-01-01,,,0.007,0,0.008,0.012
2017-02-01,,,0.007,0,0.008,0.012
2017-03-01,,,0.008,0,0.010,0.013
2017-04-01,,,0.009,0,0.010,0.012
2017-05-01,,,0.009,0,0.011,0.013
2017-06-01,,,0.010,0,0.012,0.013
2017-07-01,,,0.011,0,0.012,0.014
2017-08-01,,,0.012,0,0.012,0.013
2017-09-01,,,0.011,0,0.013,0.014
2017-10-01,,,0.011,0,0.014,0.015
2017-11-01,,,0.012,0,0.016,0.017
2017-12-01,,,0.013,0,0.017,0.018
2018-01-01,,,0.014,0,0.018,0.020
2018-02-01,,,0.014,0,0.020,0.022
2018-03-01,,,0.015,0,0.021,0.023
2018-04-01,,,0.017,0,0.021,0.024
2018-05-01,,,0.017,0,0.023,0.025
2018-06-01,,,0.018,0,0.023,0.025
2018-07-01,,,0.019,0,0.024,0.026
2018-08-01,,,0.019,0,0.025,0.026
2018-09-01,,,0.019,0,0.026,0.028
2018-10-01,,,0.022,0,0.026,0.029
2018-11-01,,,0.022,0,0.027,0.029
2018-12-01,,,0.023,0,0.027,0.027
2019-01-01,,,0.024,0,0.026,0.025
2019-02-01,,,0.024,0,0.025,0.025
2019-03-01,,,0.024,0,0.025,0.024
2019-04-01,,,0.024,0,0.024,0.023
2019-05-01,,,0.024,0,0.023,0.022
2019-06-01,,,0.024,0,0.020,0.018
2019-07-01,,,0.024,0,0.020,0.018
2019-08-01,,,0.021,0,0.018,0.016
2019-09-01,,,0.020,0,0.018,0.017
2019-10-01,,,0.018,0,0.016,0.015
2019-11-01,,,0.015,0,0.016,0.016
2019-12-01,,,0.015,0,0.015,0.016
2020-01-01,,,0.015,0,0.015,0.015
2020-02-01,,,0.016,0,0.014,0.013
2020-03-01,,,0.007,0,0.003,0.005
2020-04-01,,,0.001,0,0.002,0.002
2020-05-01,,,0.001,0,0.002,0.002
2020-06-01,,,0.001,0,0.002,0.002
2020-07-01,,,0.001,0,0.002,0.002
2020-08-01,,,0.001,0,0.001,0.001
2020-09-01,,,0.001,0,0.001,0.001
2020-10-01,,,0.001,0,0.001,0.002
2020-11-01,,,0.001,0,0.001,0.002
2020-12-01,,,0.001,0,0.001,0.001
2021-01-01,,,0.001,0,0.001,0.001
2021-02-01,,,0.001,0,0.001,0.001
2021-03-01,,,0.001,0,0.001,0.002
2021-04-01,,,0.001,0,0.001,0.002
2021-05-01,,,0.001,0,0.001,0.002
2021-06-01,,,0.001,0,0.001,0.002
2021-07-01,,,0.001,0,0.001,0.002
2021-08-01,,,0.001,0,0.001,0.002
2021-09-01,,,0.001,0,0.001,0.002
2021-10-01,,,0.001,0,0.001,0.004
2021-11-01,,,0.001,0,0.002,0.005
2021-12-01,,,0.001,0,0.003,0.007
